<?xml version="1.0" encoding="utf-8"?>
<ArrayOfVal_commenter xmlns:xsd="http://www.w3.org/2001/XMLSchema" xmlns:xsi="http://www.w3.org/2001/XMLSchema-instance">
  <val_commenter>
    <name_commenter>デフォルト(未指定者に適用)</name_commenter>
    <selected_talker>CeVIO AI 小春六花</selected_talker>
    <e_suffix>true</e_suffix>
    <e_prefix>false</e_prefix>
    <suffix>さん</suffix>
    <prefix />
    <talker_dic>
      <KeyValuePair>
        <Key>
          <string>CeVIO AI 小春六花</string>
        </Key>
        <Value>
          <Val_Talker>
            <talkerName>CeVIO AI 小春六花</talkerName>
            <talkerRealName>小春六花</talkerRealName>
            <type>1</type>
            <parametor>
              <KeyValuePair>
                <Key>
                  <string>大きさ</string>
                </Key>
                <Value>
                  <Combinational_Val>
                    <val_int>0</val_int>
                    <val_decimal>0</val_decimal>
                    <dec_val_>0</dec_val_>
                    <dec_val__>0</dec_val__>
                  </Combinational_Val>
                </Value>
              </KeyValuePair>
              <KeyValuePair>
                <Key>
                  <string>速さ</string>
                </Key>
                <Value>
                  <Combinational_Val>
                    <val_int>0</val_int>
                    <val_decimal>50</val_decimal>
                    <dec_val_>50</dec_val_>
                    <dec_val__>50</dec_val__>
                  </Combinational_Val>
                </Value>
              </KeyValuePair>
              <KeyValuePair>
                <Key>
                  <string>高さ</string>
                </Key>
                <Value>
                  <Combinational_Val>
                    <val_int>0</val_int>
                    <val_decimal>0</val_decimal>
                    <dec_val_>0</dec_val_>
                    <dec_val__>0</dec_val__>
                  </Combinational_Val>
                </Value>
              </KeyValuePair>
              <KeyValuePair>
                <Key>
                  <string>声質</string>
                </Key>
                <Value>
                  <Combinational_Val>
                    <val_int>0</val_int>
                    <val_decimal>0</val_decimal>
                    <dec_val_>0</dec_val_>
                    <dec_val__>0</dec_val__>
                  </Combinational_Val>
                </Value>
              </KeyValuePair>
              <KeyValuePair>
                <Key>
                  <string>抑揚</string>
                </Key>
                <Value>
                  <Combinational_Val>
                    <val_int>0</val_int>
                    <val_decimal>1</val_decimal>
                    <dec_val_>1</dec_val_>
                    <dec_val__>1</dec_val__>
                  </Combinational_Val>
                </Value>
              </KeyValuePair>
              <KeyValuePair>
                <Key>
                  <string>嬉しい</string>
                </Key>
                <Value>
                  <Combinational_Val>
                    <val_int>0</val_int>
                    <val_decimal>0</val_decimal>
                    <dec_val_>0</dec_val_>
                    <dec_val__>0</dec_val__>
                  </Combinational_Val>
                </Value>
              </KeyValuePair>
              <KeyValuePair>
                <Key>
                  <string>普通</string>
                </Key>
                <Value>
                  <Combinational_Val>
                    <val_int>0</val_int>
                    <val_decimal>1</val_decimal>
                    <dec_val_>1</dec_val_>
                    <dec_val__>1</dec_val__>
                  </Combinational_Val>
                </Value>
              </KeyValuePair>
              <KeyValuePair>
                <Key>
                  <string>怒り</string>
                </Key>
                <Value>
                  <Combinational_Val>
                    <val_int>0</val_int>
                    <val_decimal>0</val_decimal>
                    <dec_val_>0</dec_val_>
                    <dec_val__>0</dec_val__>
                  </Combinational_Val>
                </Value>
              </KeyValuePair>
              <KeyValuePair>
                <Key>
                  <string>哀しみ</string>
                </Key>
                <Value>
                  <Combinational_Val>
                    <val_int>0</val_int>
                    <val_decimal>0</val_decimal>
                    <dec_val_>0</dec_val_>
                    <dec_val__>0</dec_val__>
                  </Combinational_Val>
                </Value>
              </KeyValuePair>
              <KeyValuePair>
                <Key>
                  <string>落ち着き</string>
                </Key>
                <Value>
                  <Combinational_Val>
                    <val_int>0</val_int>
                    <val_decimal>0</val_decimal>
                    <dec_val_>0</dec_val_>
                    <dec_val__>0</dec_val__>
                  </Combinational_Val>
                </Value>
              </KeyValuePair>
            </parametor>
          </Val_Talker>
        </Value>
      </KeyValuePair>
    </talker_dic>
  </val_commenter>
</ArrayOfVal_commenter>