<?xml version="1.0" encoding="utf-8"?>
<xml_dictionalyOfStringVal_Talker>
  <KeyValuePair>
    <Key>
      <string>CeVIO CS さとうささら</string>
    </Key>
    <Value>
      <Val_Talker xmlns:xsd="http://www.w3.org/2001/XMLSchema" xmlns:xsi="http://www.w3.org/2001/XMLSchema-instance">
        <talkerName>CeVIO CS さとうささら</talkerName>
        <talkerRealName>さとうささら</talkerRealName>
        <type>8</type>
        <parametor>
          <KeyValuePair>
            <Key>
              <string>大きさ</string>
            </Key>
            <Value>
              <Combinational_Val>
                <val_int>0</val_int>
                <val_decimal>0</val_decimal>
                <dec_val_>0</dec_val_>
                <dec_val__>0</dec_val__>
              </Combinational_Val>
            </Value>
          </KeyValuePair>
          <KeyValuePair>
            <Key>
              <string>速さ</string>
            </Key>
            <Value>
              <Combinational_Val>
                <val_int>0</val_int>
                <val_decimal>50</val_decimal>
                <dec_val_>50</dec_val_>
                <dec_val__>50</dec_val__>
              </Combinational_Val>
            </Value>
          </KeyValuePair>
          <KeyValuePair>
            <Key>
              <string>高さ</string>
            </Key>
            <Value>
              <Combinational_Val>
                <val_int>0</val_int>
                <val_decimal>0</val_decimal>
                <dec_val_>0</dec_val_>
                <dec_val__>0</dec_val__>
              </Combinational_Val>
            </Value>
          </KeyValuePair>
          <KeyValuePair>
            <Key>
              <string>声質</string>
            </Key>
            <Value>
              <Combinational_Val>
                <val_int>0</val_int>
                <val_decimal>0</val_decimal>
                <dec_val_>0</dec_val_>
                <dec_val__>0</dec_val__>
              </Combinational_Val>
            </Value>
          </KeyValuePair>
          <KeyValuePair>
            <Key>
              <string>抑揚</string>
            </Key>
            <Value>
              <Combinational_Val>
                <val_int>0</val_int>
                <val_decimal>1</val_decimal>
                <dec_val_>1</dec_val_>
                <dec_val__>1</dec_val__>
              </Combinational_Val>
            </Value>
          </KeyValuePair>
          <KeyValuePair>
            <Key>
              <string>元気</string>
            </Key>
            <Value>
              <Combinational_Val>
                <val_int>0</val_int>
                <val_decimal>1</val_decimal>
                <dec_val_>1</dec_val_>
                <dec_val__>1</dec_val__>
              </Combinational_Val>
            </Value>
          </KeyValuePair>
          <KeyValuePair>
            <Key>
              <string>普通</string>
            </Key>
            <Value>
              <Combinational_Val>
                <val_int>0</val_int>
                <val_decimal>0</val_decimal>
                <dec_val_>0</dec_val_>
                <dec_val__>0</dec_val__>
              </Combinational_Val>
            </Value>
          </KeyValuePair>
          <KeyValuePair>
            <Key>
              <string>怒り</string>
            </Key>
            <Value>
              <Combinational_Val>
                <val_int>0</val_int>
                <val_decimal>0</val_decimal>
                <dec_val_>0</dec_val_>
                <dec_val__>0</dec_val__>
              </Combinational_Val>
            </Value>
          </KeyValuePair>
          <KeyValuePair>
            <Key>
              <string>哀しみ</string>
            </Key>
            <Value>
              <Combinational_Val>
                <val_int>0</val_int>
                <val_decimal>0</val_decimal>
                <dec_val_>0</dec_val_>
                <dec_val__>0</dec_val__>
              </Combinational_Val>
            </Value>
          </KeyValuePair>
        </parametor>
      </Val_Talker>
    </Value>
  </KeyValuePair>
</xml_dictionalyOfStringVal_Talker>